{
    "btc": 114638.4,
    "eth": 4482.57,
    "xrp": 3.0247,
    "bnb": 912.5,
    "sol": 231.79,
    "ada": 0.8537,
    "doge": 0.26576,
    "trx": 0.34209,
    "ltc": 112.08,
    "shib": 1.2947e-05,
    "link": 23.376,
    "dot": 4.107,
    "om": 0.2055,
    "apt": 4.316,
    "uni": 9.06,
    "hbar": 0.23372,
    "ton": 3.118,
    "sui": 3.4733,
    "avax": 29.869,
    "fil": 2.408,
    "ip": 9.6989,
    "gala": 0.01657,
    "sand": 0.2947,
    "trump": 8.401,
    "pol": 0.2566,
    "icp": 4.623,
    "cro": 0.22997,
    "aave": 295.49,
    "xlm": 0.37535,
    "bch": 588.1,
    "xaut": 3680.6,
    "core": 0.4387,
    "theta": 0.8083,
    "algo": 0.2322,
    "etc": 20.16,
    "near": 2.628,
    "hype": 53.988,
    "inj": 13.473,
    "ldo": 1.1655,
    "atom": 4.459,
    "pengu": 0.032958,
    "wld": 1.5168,
    "render": 3.76,
    "pepe": 1.0581e-05,
    "ondo": 1.0082,
    "stx": 0.643,
    "arb": 0.486,
    "jup": 0.5071,
    "bonk": 2.3313e-05,
    "op": 0.7333,
    "tia": 1.692,
    "crv": 0.7391,
    "imx": 0.6736,
    "xtz": 0.7671,
    "okb": 197.42
}