{
    "target_money": 636.6136333769209,
    "now_money": 650.3564679052012,
    "start_money": 649.0758904740221,
    "stop_money": 665.3027877358726
}