{
  "timestamp": "2025-10-28T07:01:29.189569",
  "exchange": "backpack",
  "PinPositions": {
    "KMNO_USDC_PERP": {
      "current_price": 0.06353518,
      "avg_cost": 0.06136300748631965,
      "size": 2200.0,
      "side": "short",
      "pnlUnrealized": -20.88576,
      "orders": [],
      "last_check_time": 1761634889.189262,
      "pin_caught": false,
      "profit_threshold": 0.0
    },
    "SUI_USDC_PERP": {
      "current_price": 2.63975594,
      "avg_cost": 2.5074975874037975,
      "size": 52.15,
      "side": "short",
      "pnlUnrealized": -27.621319,
      "orders": [],
      "last_check_time": 1761634889.1892676,
      "pin_caught": false,
      "profit_threshold": 0.0
    },
    "WLD_USDC_PERP": {
      "current_price": 0.90711666,
      "avg_cost": 0.8806537425863463,
      "size": 148.0,
      "side": "short",
      "pnlUnrealized": -26.462963,
      "orders": [],
      "last_check_time": 1761634889.1892705,
      "pin_caught": false,
      "profit_threshold": 0.0
    },
    "PYTH_USDC_PERP": {
      "current_price": 0.11753577,
      "avg_cost": 0.1138865903837727,
      "size": 300.0,
      "side": "short",
      "pnlUnrealized": -16.016473,
      "orders": [],
      "last_check_time": 1761634889.1892729,
      "pin_caught": false,
      "profit_threshold": 0.0
    },
    "TON_USDC_PERP": {
      "current_price": 2.25365488,
      "avg_cost": 2.153223978374403,
      "size": 57.7,
      "side": "short",
      "pnlUnrealized": -17.799579,
      "orders": [],
      "last_check_time": 1761634889.189275,
      "pin_caught": false,
      "profit_threshold": 0.0
    },
    "XRP_USDC_PERP": {
      "current_price": 2.65137173,
      "avg_cost": 2.526321881400797,
      "size": 36.0521,
      "side": "long",
      "pnlUnrealized": 140.112885,
      "orders": [],
      "last_check_time": 1761634889.1892774,
      "pin_caught": false,
      "profit_threshold": 0.0
    },
    "ADA_USDC_PERP": {
      "current_price": 0.66924757,
      "avg_cost": 0.6514294419369645,
      "size": 220.0,
      "side": "short",
      "pnlUnrealized": -21.514275,
      "orders": [],
      "last_check_time": 1761634889.1892803,
      "pin_caught": false,
      "profit_threshold": 0.0
    },
    "PUMP_USDC_PERP": {
      "current_price": 0.00487615,
      "avg_cost": 0.004014108117228406,
      "size": 40000.0,
      "side": "short",
      "pnlUnrealized": -96.3201,
      "orders": [],
      "last_check_time": 1761634889.1892827,
      "pin_caught": false,
      "profit_threshold": 0.0
    },
    "BNB_USDC_PERP": {
      "current_price": 1131.6178939,
      "avg_cost": 1113.10337800428,
      "size": 0.691,
      "side": "long",
      "pnlUnrealized": 157.427562,
      "orders": [],
      "last_check_time": 1761634889.1892846,
      "pin_caught": false,
      "profit_threshold": 0.0
    },
    "ONDO_USDC_PERP": {
      "current_price": 0.75436461,
      "avg_cost": 0.7303674051855888,
      "size": 49.3,
      "side": "short",
      "pnlUnrealized": -12.315028,
      "orders": [],
      "last_check_time": 1761634889.1892867,
      "pin_caught": false,
      "profit_threshold": 0.0
    },
    "ZORA_USDC_PERP": {
      "current_price": 0.0854521,
      "avg_cost": 0.09290721705661627,
      "size": 400.0,
      "side": "short",
      "pnlUnrealized": 6.067164,
      "orders": [],
      "last_check_time": 1761634889.1892893,
      "pin_caught": false,
      "profit_threshold": 0.0
    },
    "BTC_USDC_PERP": {
      "current_price": 114136.74754789,
      "avg_cost": 111059.2259684641,
      "size": 0.0299,
      "side": "long",
      "pnlUnrealized": 409.417857,
      "orders": [],
      "last_check_time": 1761634889.189292,
      "pin_caught": false,
      "profit_threshold": 0.0
    },
    "SOL_USDC_PERP": {
      "current_price": 200.86935664,
      "avg_cost": 192.35972902991523,
      "size": 3.36,
      "side": "long",
      "pnlUnrealized": 162.687232,
      "orders": [],
      "last_check_time": 1761634889.1892943,
      "pin_caught": false,
      "profit_threshold": 0.0
    },
    "AVAX_USDC_PERP": {
      "current_price": 20.40481388,
      "avg_cost": 19.48547264703351,
      "size": 2.39,
      "side": "short",
      "pnlUnrealized": -24.283314,
      "orders": [],
      "last_check_time": 1761634889.1893017,
      "pin_caught": false,
      "profit_threshold": 0.0
    },
    "DOT_USDC_PERP": {
      "current_price": 3.17150301,
      "avg_cost": 3.042912314963659,
      "size": 12.5,
      "side": "short",
      "pnlUnrealized": -19.097855,
      "orders": [],
      "last_check_time": 1761634889.189304,
      "pin_caught": false,
      "profit_threshold": 0.0
    },
    "2Z_USDC_PERP": {
      "current_price": 0.22692725,
      "avg_cost": 0.23598294817148882,
      "size": 120.0,
      "side": "short",
      "pnlUnrealized": 4.802484,
      "orders": [],
      "last_check_time": 1761634889.1893063,
      "pin_caught": false,
      "profit_threshold": 0.0
    },
    "TAO_USDC_PERP": {
      "current_price": 419.48050361,
      "avg_cost": 388.5121107147263,
      "size": 0.095,
      "side": "short",
      "pnlUnrealized": -17.546928,
      "orders": [],
      "last_check_time": 1761634889.1893082,
      "pin_caught": false,
      "profit_threshold": 0.0
    },
    "ASTER_USDC_PERP": {
      "current_price": 1.06930822,
      "avg_cost": 1.1043379239640692,
      "size": 88.0,
      "side": "short",
      "pnlUnrealized": 0.674056,
      "orders": [],
      "last_check_time": 1761634889.1893106,
      "pin_caught": false,
      "profit_threshold": 0.0
    },
    "XLM_USDC_PERP": {
      "current_price": 0.33497499,
      "avg_cost": 0.32160357285204383,
      "size": 360.0,
      "side": "short",
      "pnlUnrealized": -11.070203,
      "orders": [],
      "last_check_time": 1761634889.1893125,
      "pin_caught": false,
      "profit_threshold": 0.0
    },
    "SEI_USDC_PERP": {
      "current_price": 0.20349478,
      "avg_cost": 0.1952161291289769,
      "size": 180.0,
      "side": "short",
      "pnlUnrealized": -20.840415,
      "orders": [],
      "last_check_time": 1761634889.1893148,
      "pin_caught": false,
      "profit_threshold": 0.0
    },
    "TRUMP_USDC_PERP": {
      "current_price": 6.8538452,
      "avg_cost": 5.924402977645831,
      "size": 21.89,
      "side": "short",
      "pnlUnrealized": -42.313674,
      "orders": [],
      "last_check_time": 1761634889.1893167,
      "pin_caught": false,
      "profit_threshold": 0.0
    },
    "LINK_USDC_PERP": {
      "current_price": 18.45148911,
      "avg_cost": 17.826611435893334,
      "size": 1.9,
      "side": "short",
      "pnlUnrealized": -18.564797,
      "orders": [],
      "last_check_time": 1761634889.189319,
      "pin_caught": false,
      "profit_threshold": 0.0
    },
    "BERA_USDC_PERP": {
      "current_price": 1.71248605,
      "avg_cost": 1.91723760854607,
      "size": 8.7,
      "side": "short",
      "pnlUnrealized": 25.308753,
      "orders": [],
      "last_check_time": 1761634889.1893458,
      "pin_caught": false,
      "profit_threshold": 0.0
    },
    "UNI_USDC_PERP": {
      "current_price": 6.59049688,
      "avg_cost": 6.225261235468408,
      "size": 23.0,
      "side": "short",
      "pnlUnrealized": -35.883583,
      "orders": [],
      "last_check_time": 1761634889.189348,
      "pin_caught": false,
      "profit_threshold": 0.0
    },
    "ETH_USDC_PERP": {
      "current_price": 4115.53405674,
      "avg_cost": 3935.682146680241,
      "size": 0.1768,
      "side": "long",
      "pnlUnrealized": 208.406954,
      "orders": [],
      "last_check_time": 1761634889.1893504,
      "pin_caught": false,
      "profit_threshold": 0.0
    },
    "APT_USDC_PERP": {
      "current_price": 3.49652916,
      "avg_cost": 3.2762336837549983,
      "size": 15.0,
      "side": "short",
      "pnlUnrealized": -30.859191,
      "orders": [],
      "last_check_time": 1761634889.189353,
      "pin_caught": false,
      "profit_threshold": 0.0
    },