{
  "timestamp": "2025-10-24T11:49:33.646343",
  "exchange": "backpack",
  "PinPositions": {
    "KMNO_USDC_PERP": {
      "current_price": 0.05968402,
      "avg_cost": 0.05908573309748316,
      "size": 2500.0,
      "side": "short",
      "pnlUnrealized": -1.46535,
      "orders": [],
      "last_check_time": 1761306573.6460433,
      "pin_caught": false,
      "profit_threshold": 0.0
    },
    "SUI_USDC_PERP": {
      "current_price": 2.46552192,
      "avg_cost": 2.4181787250522926,
      "size": 60.5,
      "side": "short",
      "pnlUnrealized": -3.494144,
      "orders": [],
      "last_check_time": 1761306573.6460488,
      "pin_caught": false,
      "profit_threshold": 0.0
    },
    "WLD_USDC_PERP": {
      "current_price": 0.87568802,
      "avg_cost": 0.8550892156334025,
      "size": 170.0,
      "side": "short",
      "pnlUnrealized": -3.851484,
      "orders": [],
      "last_check_time": 1761306573.6460514,
      "pin_caught": false,
      "profit_threshold": 0.0
    },
    "PYTH_USDC_PERP": {
      "current_price": 0.11384601,
      "avg_cost": 0.11017753358207684,
      "size": 1300.0,
      "side": "short",
      "pnlUnrealized": -5.774256,
      "orders": [],
      "last_check_time": 1761306573.6460536,
      "pin_caught": false,
      "profit_threshold": 0.0
    },
    "TON_USDC_PERP": {
      "current_price": 2.13843815,
      "avg_cost": 2.1257712939321856,
      "size": 69.8,
      "side": "short",
      "pnlUnrealized": -1.004959,
      "orders": [],
      "last_check_time": 1761306573.646056,
      "pin_caught": false,
      "profit_threshold": 0.0
    },
    "XRP_USDC_PERP": {
      "current_price": 2.44504685,
      "avg_cost": 2.411012140585611,
      "size": 390.2065,
      "side": "long",
      "pnlUnrealized": 24.978795,
      "orders": [],
      "last_check_time": 1761306573.6460583,
      "pin_caught": false,
      "profit_threshold": 0.0
    },
    "ADA_USDC_PERP": {
      "current_price": 0.64906733,
      "avg_cost": 0.6342356029647436,
      "size": 240.0,
      "side": "short",
      "pnlUnrealized": -4.523224,
      "orders": [],
      "last_check_time": 1761306573.646061,
      "pin_caught": false,
      "profit_threshold": 0.0
    },
    "PUMP_USDC_PERP": {
      "current_price": 0.00408522,
      "avg_cost": 0.003652668064125301,
      "size": 37000.0,
      "side": "short",
      "pnlUnrealized": -18.14676,
      "orders": [],
      "last_check_time": 1761306573.646063,
      "pin_caught": false,
      "profit_threshold": 0.0
    },
    "BNB_USDC_PERP": {
      "current_price": 1125.86672377,
      "avg_cost": 1108.8699081340158,
      "size": 0.856,
      "side": "long",
      "pnlUnrealized": 40.424168,
      "orders": [],
      "last_check_time": 1761306573.6460655,
      "pin_caught": false,
      "profit_threshold": 0.0
    },
    "ONDO_USDC_PERP": {
      "current_price": 0.73433655,
      "avg_cost": 0.7155073384185331,
      "size": 203.5,
      "side": "short",
      "pnlUnrealized": -4.609907,
      "orders": [],
      "last_check_time": 1761306573.6460676,
      "pin_caught": false,
      "profit_threshold": 0.0
    },
    "ZORA_USDC_PERP": {
      "current_price": 0.09516838,
      "avg_cost": 0.09231682093425606,
      "size": 1700.0,
      "side": "short",
      "pnlUnrealized": -4.652979,
      "orders": [],
      "last_check_time": 1761306573.64607,
      "pin_caught": false,
      "profit_threshold": 0.0
    },
    "BTC_USDC_PERP": {
      "current_price": 110910.34330453,
      "avg_cost": 109372.07762115287,
      "size": 0.024,
      "side": "long",
      "pnlUnrealized": 41.74495,
      "orders": [],
      "last_check_time": 1761306573.6460788,
      "pin_caught": false,
      "profit_threshold": 0.0
    },
    "SOL_USDC_PERP": {
      "current_price": 191.36346291,
      "avg_cost": 187.88334794260388,
      "size": 4.94,
      "side": "long",
      "pnlUnrealized": 40.195834,
      "orders": [],
      "last_check_time": 1761306573.6460807,
      "pin_caught": false,
      "profit_threshold": 0.0
    },
    "AVAX_USDC_PERP": {
      "current_price": 19.4552042,
      "avg_cost": 19.254597717907327,
      "size": 7.64,
      "side": "short",
      "pnlUnrealized": -1.93864,
      "orders": [],
      "last_check_time": 1761306573.646083,
      "pin_caught": false,
      "profit_threshold": 0.0
    },
    "DOT_USDC_PERP": {
      "current_price": 3.04562621,
      "avg_cost": 2.952454939184513,
      "size": 49.0,
      "side": "short",
      "pnlUnrealized": -5.047838,
      "orders": [],
      "last_check_time": 1761306573.646085,
      "pin_caught": false,
      "profit_threshold": 0.0
    },
    "2Z_USDC_PERP": {
      "current_price": 0.23525548,
      "avg_cost": 0.23261593884441958,
      "size": 620.0,
      "side": "short",
      "pnlUnrealized": -1.422563,
      "orders": [],
      "last_check_time": 1761306573.6460872,
      "pin_caught": false,
      "profit_threshold": 0.0
    },
    "TAO_USDC_PERP": {
      "current_price": 387.79455044,
      "avg_cost": 385.4365939055226,
      "size": 0.378,
      "side": "short",
      "pnlUnrealized": -1.080579,
      "orders": [],
      "last_check_time": 1761306573.6460896,
      "pin_caught": false,
      "profit_threshold": 0.0
    },
    "ASTER_USDC_PERP": {
      "current_price": 1.0914036,
      "avg_cost": 1.013012051531213,
      "size": 132.0,
      "side": "short",
      "pnlUnrealized": -14.131418,
      "orders": [],
      "last_check_time": 1761306573.6460917,
      "pin_caught": false,
      "profit_threshold": 0.0
    },
    "XLM_USDC_PERP": {
      "current_price": 0.31562669,
      "avg_cost": 0.31036082287825056,
      "size": 470.0,
      "side": "short",
      "pnlUnrealized": -3.002786,
      "orders": [],
      "last_check_time": 1761306573.6460938,
      "pin_caught": false,
      "profit_threshold": 0.0
    },
    "SEI_USDC_PERP": {
      "current_price": 0.19409207,
      "avg_cost": 0.18795371102063865,
      "size": 760.0,
      "side": "short",
      "pnlUnrealized": -5.515392,
      "orders": [],
      "last_check_time": 1761306573.6460962,
      "pin_caught": false,
      "profit_threshold": 0.0
    },
    "TRUMP_USDC_PERP": {
      "current_price": 5.86851447,
      "avg_cost": 5.7820095731173575,
      "size": 25.33,
      "side": "short",
      "pnlUnrealized": -2.890921,
      "orders": [],
      "last_check_time": 1761306573.6460981,
      "pin_caught": false,
      "profit_threshold": 0.0
    },
    "LINK_USDC_PERP": {
      "current_price": 17.68819403,
      "avg_cost": 17.33954614377475,
      "size": 8.4,
      "side": "short",
      "pnlUnrealized": -3.17992,
      "orders": [],
      "last_check_time": 1761306573.6461005,
      "pin_caught": false,
      "profit_threshold": 0.0
    },
    "BERA_USDC_PERP": {
      "current_price": 1.92688059,
      "avg_cost": 1.9922929063998605,
      "size": 75.5,
      "side": "short",
      "pnlUnrealized": 3.866766,
      "orders": [],
      "last_check_time": 1761306573.6461074,
      "pin_caught": false,
      "profit_threshold": 0.0
    },
    "UNI_USDC_PERP": {
      "current_price": 6.34204114,
      "avg_cost": 6.159197761674718,
      "size": 24.0,
      "side": "short",
      "pnlUnrealized": -5.649405,
      "orders": [],
      "last_check_time": 1761306573.6461096,
      "pin_caught": false,
      "profit_threshold": 0.0
    },
    "ETH_USDC_PERP": {
      "current_price": 3942.26907448,
      "avg_cost": 3895.896669542032,
      "size": 0.2398,
      "side": "long",
      "pnlUnrealized": 29.955395,
      "orders": [],
      "last_check_time": 1761306573.646112,
      "pin_caught": false,
      "profit_threshold": 0.0
    },
    "APT_USDC_PERP": {
      "current_price": 3.2341583,
      "avg_cost": 3.2154658771943385,
      "size": 46.0,
      "side": "short",
      "pnlUnrealized": -0.663363,
      "orders": [],
      "last_check_time": 1761306573.6461186,
      "pin_caught": false,
      "profit_threshold": 0.0
    },