{
  "timestamp": "2025-10-28T07:07:39.120412",
  "exchange": "bp",
  "PinPositions": {
    "XPL_USDC_PERP": {
      "current_price": 0.37357644,
      "avg_cost": 0.3727576118435657,
      "size": 20.0,
      "side": "short",
      "pnlUnrealized": 11.802919,
      "orders": [
        "15717457143",
        "15717459048",
        "15717461369",
        "15717463656",
        "15717468093",
        "15717473778"
      ],
      "last_check_time": 1761635246.1753495,
      "pin_caught": false,
      "profit_threshold": 0.0,
      "caught_orders": []
    }
  }
}