{
    "btc": 111282.1,
    "sol": 195.55317,
    "eth": 4027.23,
    "xrp": 2.63294975,
    "bnb": 1123.5644,
    "doge": 0.20014,
    "aave": 234.74494898,
    "ltc": 95.26,
    "pepe": 0.007212,
    "pengu": 0.02300376,
    "wif": 0.56401329,
    "bonk": 0.015315,
    "shib": 0.010332299999999999,
    "jup": 0.42997933,
    "ondo": 0.7641,
    "kaito": 1.21520866,
    "crv": 0.5635,
    "uni": 6.424,
    "jto": 1.1628,
    "virtual": 1.37833392,
    "ldo": 0.9412189999999999,
    "s": 0.1774,
    "ada": 0.6675,
    "op": 0.4533,
    "sui": 2.6154,
    "bera": 2.076331890995,
    "avax": 20.685,
    "near": 2.3138,
    "ip": 5.6541,
    "ton": 2.2698954081741207,
    "arb": 0.3262,
    "tia": 1.0710029900000002,
    "dot": 3.102,
    "xlm": 0.3276,
    "tao": 436.41,
    "pyth": 0.1186447,
    "w": 0.0780932,
    "hbar": 0.17911,
    "fartcoin": 0.3930476,
    "hype": 43.12182867,
    "link": 18.994
}