{
    "btc": 111292.93281403,
    "sol": 195.454792361879,
    "eth": 4028.21919775,
    "xrp": 2.63761957,
    "bnb": 1123.9665889185,
    "doge": 0.2019748207,
    "aave": 234.60874659,
    "ltc": 95.15416315,
    "pepe": 0.00721002,
    "pengu": 0.02278478,
    "wif": 0.5643762109770001,
    "bonk": 0.01528151,
    "shib": 0.0103162915,
    "jup": 0.43076542,
    "ondo": 0.76373559,
    "kaito": 1.21689185,
    "crv": 0.56298416,
    "uni": 6.41156689,
    "jto": 1.16192017,
    "virtual": 1.38068341,
    "ldo": 0.9402236046,
    "s": 0.17764036,
    "ada": 0.66803931,
    "op": 0.45348856,
    "sui": 2.61438905,
    "bera": 2.0731359380970003,
    "avax": 20.68582613,
    "near": 2.30910953,
    "ip": 5.60696678,
    "ton": 2.2697068854,
    "arb": 0.32578565,
    "tia": 1.07008163568,
    "dot": 3.10712178,
    "xlm": 0.32769949,
    "tao": 434.69096702,
    "pyth": 0.1186269139,
    "w": 0.0780798175,
    "hbar": 0.17861349,
    "fartcoin": 0.39312677,
    "hype": 42.9381039,
    "link": 18.95230822
}