{
    "btc": 111802.1,
    "bnb": 1213.94,
    "doge": 0.20413,
    "eth": 4143.48,
    "sol": 207.62,
    "hype": 40.42,
    "link": 19.129,
    "aave": 261.55,
    "xrp": 2.4991,
    "wld": 0.9666,
    "apt": 3.707,
    "pump": 0.004104,
    "pendle": 3.7329,
    "zora": 0.11295,
    "ltc": 98.16,
    "pepe": 0.007445,
    "pengu": 0.024647,
    "wif": 0.592,
    "bonk": 0.01629,
    "shib": 0.01075,
    "jup": 0.3774,
    "ondo": 0.8022,
    "kaito": 1.1544,
    "crv": 0.6339,
    "uni": 6.835,
    "jto": 1.124,
    "virtual": 0.8589,
    "ldo": 1.056,
    "s": 0.2016,
    "ada": 0.7006,
    "op": 0.4837,
    "sui": 2.8138,
    "bera": 2.013,
    "avax": 22.884,
    "near": 2.4652,
    "ip": 6.9715,
    "ton": 2.3121,
    "arb": 0.3414,
    "tia": 1.1892,
    "dot": 3.323,
    "xlm": 0.33953,
    "tao": 467.55,
    "pyth": 0.12459,
    "w": 0.08745,
    "hbar": 0.18983,
    "fartcoin": 0.4379,
    "flock": 0.23691,
    "avnt": 0.6389,
    "ena": 0.4678,
    "xpl": 0.5482,
    "aster": 1.5144,
    "aero": 0.9018,
    "linea": 0.020179,
    "0g": 2.1834,
    "2z": 0.28995,
    "kmno": 0.0655,
    "mnt": 2.0462,
    "sei": 0.2245
}