{
    "btc": 100538.2,
    "eth": 4155.86,
    "bnb": 1137.4,
    "xrp": 2.6019,
    "sol": 204.18,
    "hype": 49.712,
    "aave": 244.42,
    "apt": 3.478,
    "trx": 0.3125,
    "doge": 0.20901,
    "ada": 0.6579,
    "link": 18.83,
    "xlm": 0.32526,
    "bch": 565.9,
    "sui": 2.6308,
    "avax": 20.526,
    "hbar": 0.21914,
    "ltc": 102.23,
    "shib": 1.0348e-05,
    "ton": 2.313,
    "cro": 0.16387,
    "dot": 3.172,
    "uni": 6.557,
    "okb": 167.6,
    "ena": 0.5305,
    "pepe": 7.128e-06,
    "near": 2.358,
    "etc": 16.42,
    "ondo": 0.7387,
    "aster": 1.262,
    "xaut": 3950.8,
    "pol": 0.1994,
    "wld": 0.9339,
    "ip": 5.747,
    "arb": 0.3342,
    "icp": 6.231,
    "algo": 0.1925,
    "atom": 3.182,
    "sky": 0.05982,
    "pengu": 0.022395,
    "pump": 0.005373,
    "render": 2.489,
    "bonk": 1.5185e-05,
    "jup": 0.433,
    "fil": 1.74,
    "imx": 0.5598,
    "morpho": 2.1262,
    "tia": 1.078,
    "inj": 8.842,
    "ldo": 0.9556,
    "op": 0.4729,
    "stx": 0.4659,
    "crv": 0.5661,
    "floki": 7.412e-05,
    "xpl": 0.4024,
    "grt": 0.06508,
    "pyth": 0.12183,
    "s": 0.1745,
    "xtz": 0.6076,
    "iota": 0.1546,
    "cfx": 0.11795,
    "ethfi": 1.0815,
    "theta": 0.5627,
    "pendle": 3.551,
    "strk": 0.135,
    "wif": 0.5715,
    "sand": 0.2181,
    "gala": 0.01148,
    "snx": 1.351,
    "ens": 16.204,
    "ray": 1.897,
    "mana": 0.2435,
    "flow": 0.274,
    "jto": 1.13,
    "eigen": 1.2306,
    "neo": 5.367,
    "ape": 0.4889,
    "w": 0.074,
    "comp": 38.58,
    "merl": 0.43971,
    "chz": 0.03231,
    "egld": 9.84,
    "bat": 0.2207,
    "zk": 0.07348,
    "axs": 1.591,
    "dydx": 0.3564,
    "ar": 4.679,
    "kaito": 1.216,
    "bera": 1.986,
    "linea": 0.01566,
    "1inch": 0.1789,
    "move": 0.07965,
    "qtum": 2.005,
    "zro": 1.741,
    "cvx": 2.384,
    "tao": 534.0,
    "fartcoin": 0.4077,
    "soon": 0.78711,
    "aero": 1.122,
    "2z": 0.2531,
    "virtual": 1.8534,
    "mmt": 4.1611
}